No,Red,Green,Blue,Brightness
1,0.336,0.336,0.327,333
2,0.332,0.345,0.323,325
3,0.333,0.351,0.316,313
4,0.342,0.337,0.321,282
5,0.348,0.328,0.324,240
6,0.357,0.33,0.314,217
7,0.369,0.333,0.298,195
8,0.376,0.338,0.287,185
9,0.377,0.344,0.278,174
10,0.377,0.338,0.286,174
11,0.369,0.338,0.294,183
12,0.374,0.344,0.282,182
13,0.378,0.359,0.263,173
14,0.399,0.365,0.236,149
15,0.408,0.363,0.229,143
16,0.408,0.361,0.231,151
17,0.412,0.365,0.223,132
18,0.42,0.362,0.217,124
19,0.418,0.366,0.216,121
20,0.431,0.358,0.211,113
21,0.429,0.353,0.218,115
22,0.431,0.333,0.236,125
23,0.424,0.32,0.256,142
24,0.418,0.328,0.254,152
25,0.431,0.341,0.228,148
26,0.444,0.347,0.21,138
27,0.445,0.352,0.203,134
28,0.443,0.351,0.206,129
29,0.442,0.348,0.21,133
30,0.432,0.351,0.216,143
31,0.434,0.349,0.217,147
32,0.436,0.349,0.215,144
33,0.434,0.349,0.217,147
34,0.437,0.351,0.212,147
35,0.442,0.347,0.211,144
36,0.442,0.347,0.211,143
37,0.441,0.349,0.211,148
38,0.443,0.348,0.209,155
39,0.442,0.344,0.215,159
40,0.434,0.349,0.217,163
41,0.431,0.351,0.218,171
42,0.429,0.349,0.222,184
43,0.425,0.35,0.225,196
44,0.423,0.347,0.23,209
45,0.42,0.35,0.23,220
46,0.42,0.348,0.232,217
47,0.419,0.35,0.232,198
48,0.418,0.352,0.231,178
49,0.422,0.354,0.224,158
50,0.43,0.352,0.218,142
51,0.425,0.354,0.22,127
52,0.424,0.356,0.22,118
53,0.421,0.355,0.223,122
54,0.423,0.354,0.223,130
55,0.421,0.349,0.23,152
56,0.427,0.346,0.227,182
57,0.421,0.347,0.231,209
58,0.417,0.349,0.234,226
59,0.418,0.348,0.234,234
60,0.42,0.346,0.235,233
61,0.424,0.345,0.231,221
62,0.422,0.35,0.228,197
63,0.427,0.351,0.222,179
64,0.432,0.349,0.219,164
65,0.439,0.348,0.213,156
66,0.44,0.348,0.213,145
67,0.443,0.344,0.214,142
68,0.437,0.336,0.227,151
69,0.435,0.323,0.242,154
70,0.413,0.314,0.273,158
71,0.403,0.298,0.298,176
72,0.419,0.323,0.258,160
73,0.419,0.35,0.231,137
74,0.426,0.352,0.222,117
75,0.44,0.358,0.202,103
76,0.429,0.357,0.214,116
77,0.419,0.36,0.221,124
78,0.418,0.362,0.22,128
79,0.396,0.356,0.248,148
80,0.379,0.354,0.267,181
81,0.37,0.352,0.279,193
82,0.372,0.303,0.324,209
83,0.397,0.328,0.275,161
84,0.437,0.353,0.21,110
85,0.433,0.358,0.208,109
86,0.431,0.362,0.208,118
87,0.418,0.366,0.216,137
88,0.4,0.367,0.233,162
89,0.373,0.369,0.258,193
90,0.359,0.367,0.273,233
91,0.36,0.364,0.276,268
92,0.363,0.357,0.28,282
93,0.368,0.355,0.277,277
94,0.373,0.356,0.271,262
95,0.38,0.358,0.263,252
96,0.385,0.358,0.258,238
97,0.385,0.361,0.254,221
98,0.392,0.361,0.247,204
99,0.404,0.361,0.236,188
100,0.414,0.359,0.227,180
101,0.421,0.358,0.221,174
102,0.425,0.36,0.215,172
103,0.435,0.355,0.21,175
104,0.44,0.351,0.209,181
105,0.437,0.352,0.211,188
106,0.445,0.346,0.209,200
107,0.45,0.342,0.208,218
108,0.449,0.344,0.206,232
109,0.451,0.342,0.207,250
110,0.451,0.343,0.205,279
111,0.446,0.346,0.208,312
112,0.442,0.347,0.211,338
113,0.44,0.346,0.214,359
114,0.438,0.347,0.215,371
115,0.44,0.344,0.216,368
116,0.437,0.345,0.218,358
117,0.434,0.344,0.221,348
118,0.432,0.345,0.223,332
119,0.426,0.348,0.226,312
120,0.426,0.347,0.228,294
121,0.428,0.347,0.226,287
122,0.43,0.343,0.227,288
123,0.432,0.342,0.226,287
124,0.432,0.342,0.226,288
125,0.435,0.342,0.223,285
126,0.44,0.339,0.221,280
127,0.441,0.341,0.219,292
128,0.442,0.342,0.215,311
129,0.446,0.342,0.212,325
130,0.446,0.341,0.214,354
131,0.439,0.342,0.219,363
132,0.432,0.345,0.223,334
133,0.424,0.348,0.228,304
134,0.428,0.348,0.224,325
135,0.434,0.348,0.218,340
136,0.436,0.351,0.213,334
137,0.439,0.351,0.21,330
138,0.439,0.352,0.208,322
139,0.44,0.351,0.209,325
140,0.441,0.349,0.211,339
141,0.441,0.347,0.212,346
142,0.439,0.345,0.215,345
143,0.436,0.344,0.22,327
144,0.434,0.345,0.221,328
145,0.434,0.345,0.221,346
146,0.435,0.346,0.22,383
147,0.432,0.348,0.22,407
148,0.431,0.351,0.218,413
149,0.428,0.352,0.22,407
150,0.431,0.35,0.219,407
151,0.429,0.35,0.221,413
152,0.436,0.345,0.219,438
153,0.443,0.34,0.217,462
154,0.439,0.34,0.221,472
155,0.441,0.337,0.222,472
156,0.436,0.339,0.225,472
157,0.425,0.345,0.229,451
158,0.431,0.343,0.226,477
159,0.432,0.342,0.225,487
160,0.442,0.337,0.221,475
161,0.445,0.336,0.219,449
162,0.444,0.336,0.22,426
163,0.442,0.339,0.22,405
164,0.436,0.342,0.222,379
165,0.428,0.346,0.226,354
166,0.419,0.353,0.228,312
167,0.414,0.358,0.228,282
168,0.411,0.358,0.231,278
169,0.406,0.359,0.235,273
170,0.398,0.36,0.242,286
171,0.397,0.359,0.244,310
172,0.399,0.356,0.245,336
173,0.398,0.355,0.247,360
174,0.396,0.354,0.25,378
175,0.394,0.354,0.252,388
176,0.392,0.354,0.254,393
177,0.39,0.356,0.254,386
178,0.387,0.356,0.257,381
179,0.386,0.359,0.255,365
180,0.384,0.36,0.256,344
181,0.38,0.365,0.255,313
182,0.379,0.367,0.254,296
183,0.378,0.369,0.253,281
184,0.38,0.37,0.249,267
185,0.379,0.372,0.248,252
186,0.382,0.371,0.247,229
187,0.387,0.374,0.238,206
188,0.391,0.373,0.236,196
189,0.389,0.379,0.232,183
190,0.39,0.376,0.233,181
191,0.392,0.374,0.234,191
192,0.392,0.374,0.234,193
193,0.381,0.372,0.247,215
194,0.37,0.374,0.256,238
195,0.369,0.372,0.259,250
196,0.361,0.372,0.267,255
197,0.35,0.373,0.277,265
198,0.349,0.372,0.28,268
199,0.345,0.372,0.283,258
200,0.344,0.374,0.282,239
201,0.344,0.376,0.28,218
202,0.345,0.376,0.279,198
203,0.347,0.376,0.277,183
204,0.356,0.372,0.271,160
205,0.363,0.381,0.256,141
206,0.372,0.378,0.25,137
207,0.377,0.377,0.246,141
208,0.381,0.375,0.244,149
209,0.384,0.374,0.242,162
210,0.385,0.37,0.245,179
211,0.387,0.369,0.243,192
212,0.388,0.371,0.241,201
213,0.387,0.37,0.243,211
214,0.391,0.371,0.238,225
215,0.388,0.369,0.243,236
216,0.387,0.369,0.244,237
217,0.388,0.37,0.243,242
218,0.392,0.371,0.238,252
219,0.394,0.369,0.237,247
220,0.395,0.37,0.236,244
221,0.398,0.369,0.233,248
222,0.405,0.369,0.226,243
223,0.405,0.367,0.228,229
224,0.406,0.369,0.225,215
225,0.408,0.369,0.223,204
226,0.405,0.37,0.225,199
227,0.404,0.37,0.226,202
228,0.403,0.367,0.23,218
229,0.402,0.366,0.232,245
230,0.401,0.364,0.235,272
231,0.397,0.362,0.241,287
232,0.395,0.361,0.244,304
233,0.394,0.359,0.246,316
234,0.398,0.357,0.245,319
235,0.396,0.358,0.246,319
236,0.398,0.357,0.246,316
237,0.402,0.357,0.24,309
238,0.405,0.356,0.239,307
239,0.401,0.357,0.243,320
240,0.396,0.357,0.247,335
241,0.39,0.357,0.253,339
242,0.387,0.355,0.258,359
243,0.386,0.354,0.26,381
244,0.385,0.356,0.259,380
245,0.389,0.356,0.255,368
246,0.397,0.354,0.249,348
247,0.401,0.354,0.246,332
248,0.413,0.351,0.236,315
249,0.427,0.343,0.23,316
250,0.433,0.34,0.227,327
251,0.436,0.341,0.223,334
252,0.436,0.341,0.222,354
253,0.442,0.337,0.221,372
254,0.446,0.334,0.22,395
255,0.45,0.333,0.217,415
256,0.454,0.329,0.216,406
257,0.455,0.329,0.217,375
258,0.449,0.331,0.22,338
259,0.441,0.333,0.226,301
260,0.435,0.332,0.233,277
261,0.429,0.336,0.235,263
262,0.43,0.335,0.235,265
263,0.435,0.336,0.23,296
264,0.436,0.336,0.227,330
265,0.44,0.337,0.223,354
266,0.441,0.337,0.222,357
267,0.442,0.339,0.219,359
268,0.444,0.339,0.217,356
269,0.441,0.343,0.216,339
270,0.439,0.343,0.218,312
271,0.441,0.344,0.215,282
272,0.445,0.343,0.213,253
273,0.447,0.341,0.212,210
274,0.449,0.346,0.205,186
275,0.453,0.344,0.203,194
276,0.455,0.346,0.199,192
277,0.456,0.347,0.197,191
278,0.456,0.35,0.194,177
279,0.451,0.348,0.201,160
280,0.445,0.349,0.205,143
281,0.435,0.355,0.21,133
282,0.432,0.353,0.216,133
283,0.431,0.354,0.215,139
284,0.43,0.351,0.219,146
285,0.428,0.352,0.22,154
286,0.424,0.358,0.218,160
287,0.432,0.355,0.213,163
288,0.442,0.356,0.202,156
289,0.441,0.359,0.2,137
290,0.442,0.356,0.202,155
291,0.441,0.359,0.2,162
292,0.436,0.359,0.204,173
293,0.43,0.357,0.213,210
294,0.432,0.355,0.214,225
295,0.427,0.356,0.217,242
296,0.41,0.362,0.228,256
297,0.401,0.366,0.232,275
298,0.392,0.37,0.237,306
299,0.393,0.367,0.24,293
300,0.394,0.364,0.242,298
301,0.402,0.359,0.239,304
302,0.406,0.355,0.239,310
303,0.406,0.353,0.241,342
304,0.409,0.352,0.239,333
305,0.414,0.349,0.238,311
306,0.415,0.348,0.236,318
307,0.418,0.346,0.235,315
308,0.425,0.345,0.23,268
309,0.432,0.344,0.225,233
310,0.433,0.345,0.222,197
311,0.435,0.345,0.22,168
312,0.431,0.347,0.222,168
313,0.43,0.346,0.223,180
314,0.431,0.346,0.223,192
315,0.428,0.343,0.229,208
316,0.435,0.345,0.22,180
317,0.453,0.343,0.204,139
318,0.459,0.333,0.207,137
319,0.447,0.34,0.213,155
320,0.446,0.337,0.217,172
321,0.435,0.339,0.226,191
322,0.431,0.34,0.228,203
323,0.434,0.337,0.23,201
324,0.436,0.337,0.227,186
325,0.433,0.339,0.228,175
326,0.428,0.34,0.233,165
327,0.427,0.343,0.231,150
328,0.425,0.339,0.236,134
329,0.435,0.333,0.231,114
330,0.44,0.341,0.22,96
331,0.444,0.333,0.222,85
332,0.453,0.333,0.213,80
333,0.443,0.329,0.228,84
334,0.435,0.329,0.235,93
335,0.433,0.333,0.233,99
336,0.435,0.337,0.228,99
337,0.434,0.333,0.232,105
338,0.433,0.337,0.231,111
339,0.434,0.333,0.232,105
340,0.432,0.337,0.232,99
341,0.43,0.34,0.23,106
342,0.434,0.333,0.232,103
343,0.436,0.337,0.228,107
344,0.425,0.333,0.242,129
345,0.414,0.336,0.25,152
346,0.404,0.342,0.253,161
347,0.399,0.345,0.257,163
348,0.397,0.344,0.258,164
349,0.392,0.348,0.259,171
350,0.4,0.344,0.256,174
351,0.399,0.344,0.258,175
352,0.404,0.343,0.253,177
353,0.416,0.343,0.242,185
354,0.42,0.342,0.238,200
355,0.42,0.34,0.241,218
356,0.424,0.341,0.236,240
357,0.43,0.336,0.234,249
358,0.435,0.335,0.23,250
359,0.436,0.335,0.229,203
360,0.429,0.344,0.227,162
361,0.427,0.347,0.226,129
362,0.435,0.352,0.213,109
363,0.441,0.351,0.207,110
364,0.441,0.351,0.207,109
365,0.443,0.357,0.2,111
366,0.445,0.353,0.202,114
367,0.455,0.35,0.195,117
368,0.454,0.346,0.2,124
369,0.449,0.353,0.199,130
370,0.435,0.361,0.204,140
371,0.433,0.36,0.207,142
372,0.428,0.366,0.207,135
373,0.424,0.364,0.212,113
374,0.427,0.359,0.214,113
375,0.431,0.358,0.211,105
376,0.434,0.358,0.208,103
377,0.434,0.354,0.212,111
378,0.437,0.353,0.21,118
379,0.432,0.352,0.216,122
380,0.43,0.356,0.215,132
381,0.436,0.35,0.214,139
382,0.436,0.35,0.214,138
383,0.434,0.349,0.217,129
384,0.446,0.348,0.205,114
385,0.453,0.34,0.208,106
386,0.454,0.343,0.204,108
387,0.452,0.346,0.202,104
388,0.456,0.34,0.204,103
389,0.45,0.342,0.207,111
390,0.444,0.342,0.214,117
391,0.44,0.345,0.216,116
392,0.434,0.344,0.221,120
393,0.432,0.336,0.232,124
394,0.4,0.326,0.274,130
395,0.352,0.34,0.309,156
396,0.349,0.337,0.314,163
397,0.364,0.346,0.29,156
398,0.393,0.336,0.271,132
399,0.388,0.338,0.273,130
400,0.315,0.342,0.342,204
401,0.307,0.342,0.351,212
402,0.288,0.348,0.364,233
403,0.269,0.356,0.375,244
404,0.319,0.341,0.341,171
405,0.397,0.331,0.273,111
406,0.437,0.344,0.219,94
407,0.444,0.344,0.211,89
408,0.451,0.341,0.209,89
409,0.453,0.337,0.209,84
410,0.468,0.339,0.194,62
411,0.479,0.333,0.187,48
412,0.472,0.34,0.189,51
413,0.481,0.333,0.185,53
414,0.457,0.346,0.198,79
415,0.452,0.348,0.2,112
416,0.444,0.352,0.204,139
417,0.435,0.354,0.211,142
418,0.431,0.358,0.212,130
419,0.42,0.362,0.217,130
420,0.42,0.34,0.24,107
421,0.448,0.344,0.208,95
422,0.46,0.345,0.195,87
423,0.459,0.341,0.2,84
424,0.461,0.348,0.191,88
425,0.458,0.344,0.198,94
426,0.455,0.343,0.202,97
427,0.448,0.352,0.2,103
428,0.447,0.351,0.202,111
429,0.439,0.35,0.211,120
430,0.437,0.352,0.211,125
431,0.44,0.351,0.209,130
432,0.443,0.35,0.207,135
433,0.449,0.348,0.203,134
434,0.455,0.348,0.197,129
435,0.455,0.351,0.194,130
436,0.461,0.348,0.191,138
437,0.462,0.345,0.193,141
438,0.459,0.349,0.192,141
439,0.455,0.352,0.193,142
440,0.456,0.347,0.197,144
441,0.455,0.35,0.196,139
442,0.453,0.35,0.197,133
443,0.453,0.353,0.194,136
444,0.451,0.354,0.194,142
445,0.453,0.351,0.196,144
446,0.444,0.356,0.2,156
447,0.442,0.355,0.203,167
448,0.444,0.35,0.206,176
449,0.441,0.355,0.204,182
450,0.437,0.358,0.205,184
451,0.438,0.357,0.205,178
452,0.437,0.356,0.207,167
453,0.436,0.359,0.205,146
454,0.439,0.357,0.204,149
455,0.436,0.362,0.202,158
456,0.444,0.351,0.205,166
457,0.448,0.355,0.198,166
458,0.441,0.359,0.2,162
459,0.451,0.353,0.197,163
460,0.451,0.349,0.2,163
461,0.45,0.357,0.193,157
462,0.449,0.358,0.193,159
463,0.454,0.351,0.195,167
464,0.457,0.351,0.191,170
465,0.456,0.352,0.192,176
466,0.456,0.35,0.194,189
467,0.457,0.347,0.196,203
468,0.454,0.349,0.197,213
469,0.451,0.35,0.198,219
470,0.448,0.351,0.202,231
471,0.444,0.35,0.206,242
472,0.434,0.353,0.213,235
473,0.424,0.355,0.221,218
474,0.42,0.354,0.226,199
475,0.415,0.354,0.231,182
476,0.419,0.357,0.224,200
477,0.422,0.351,0.227,206
478,0.422,0.352,0.226,198
479,0.419,0.349,0.231,187
480,0.418,0.35,0.232,177
481,0.418,0.353,0.229,170
482,0.418,0.353,0.229,171
483,0.423,0.346,0.231,181
484,0.426,0.349,0.226,193
485,0.429,0.349,0.222,206
486,0.435,0.348,0.217,223
487,0.436,0.35,0.214,234
488,0.437,0.351,0.212,234
489,0.441,0.351,0.208,233
490,0.446,0.35,0.204,226
491,0.452,0.351,0.197,214
492,0.449,0.357,0.193,193
493,0.453,0.358,0.189,176
494,0.462,0.352,0.187,169
495,0.46,0.351,0.19,161
496,0.456,0.356,0.187,149
497,0.452,0.355,0.194,143
498,0.445,0.355,0.2,145
499,0.443,0.356,0.201,141
500,0.446,0.36,0.194,130
501,0.446,0.362,0.192,120
502,0.448,0.36,0.192,114
503,0.444,0.363,0.194,112
504,0.434,0.361,0.205,110
505,0.434,0.361,0.205,111
506,0.434,0.361,0.205,110
507,0.431,0.366,0.203,110
508,0.418,0.37,0.212,131
509,0.42,0.364,0.216,163
510,0.431,0.352,0.218,205
511,0.429,0.35,0.22,243
512,0.429,0.349,0.222,248
513,0.429,0.351,0.22,246
514,0.426,0.353,0.221,222
515,0.419,0.357,0.224,195
516,0.422,0.355,0.223,196
517,0.427,0.357,0.216,173
518,0.428,0.361,0.211,154
519,0.44,0.357,0.202,156
520,0.444,0.359,0.196,145
521,0.442,0.361,0.197,140
522,0.436,0.362,0.201,142
523,0.441,0.362,0.197,143
524,0.437,0.363,0.2,152
525,0.44,0.357,0.202,159
526,0.443,0.359,0.198,158
527,0.445,0.36,0.195,155
528,0.445,0.354,0.201,157
529,0.442,0.358,0.2,157
530,0.442,0.356,0.202,154
531,0.44,0.358,0.201,150
532,0.438,0.358,0.204,153
533,0.437,0.359,0.204,158
534,0.44,0.354,0.206,163
535,0.435,0.36,0.204,173
536,0.443,0.356,0.201,180
537,0.443,0.355,0.202,188
538,0.44,0.357,0.203,191
539,0.446,0.352,0.202,198
540,0.445,0.352,0.203,210
541,0.447,0.351,0.202,212
542,0.442,0.357,0.201,209
543,0.446,0.353,0.201,207
544,0.446,0.353,0.201,208
545,0.445,0.35,0.205,203
546,0.444,0.352,0.204,199
547,0.443,0.353,0.204,204
548,0.444,0.351,0.204,208
549,0.442,0.355,0.203,202
550,0.441,0.357,0.202,199
551,0.442,0.353,0.205,202
552,0.443,0.352,0.205,199
553,0.439,0.356,0.205,195
554,0.441,0.353,0.206,194
555,0.442,0.351,0.207,200
556,0.442,0.351,0.207,200
557,0.443,0.35,0.207,197
558,0.443,0.35,0.207,196
559,0.451,0.343,0.206,199
560,0.448,0.343,0.209,196
561,0.437,0.35,0.213,177
562,0.444,0.344,0.211,176
563,0.443,0.345,0.213,172
564,0.446,0.345,0.208,166
565,0.442,0.345,0.212,166
566,0.44,0.346,0.214,162
567,0.432,0.348,0.219,159
568,0.43,0.344,0.225,155
569,0.43,0.344,0.225,156
570,0.425,0.35,0.225,164
571,0.432,0.343,0.225,173
572,0.428,0.344,0.228,182
573,0.433,0.345,0.222,201
574,0.443,0.339,0.217,219
575,0.441,0.344,0.216,220
576,0.438,0.349,0.213,223
577,0.431,0.355,0.214,231
578,0.426,0.359,0.215,230
579,0.425,0.358,0.216,245
580,0.43,0.357,0.213,254
581,0.429,0.357,0.214,241
582,0.443,0.35,0.207,261
583,0.449,0.342,0.21,259
584,0.444,0.344,0.212,246
585,0.442,0.343,0.215,230
586,0.442,0.344,0.214,217
587,0.434,0.347,0.219,210
588,0.421,0.354,0.225,197
589,0.411,0.357,0.232,195
590,0.393,0.365,0.242,199
591,0.386,0.368,0.247,204
592,0.382,0.369,0.249,197
593,0.39,0.365,0.245,179
594,0.39,0.367,0.243,159
595,0.389,0.369,0.242,131
596,0.382,0.374,0.244,108
597,0.386,0.376,0.238,87
598,0.397,0.37,0.233,63
599,0.444,0.356,0.2,39
600,0.467,0.333,0.2,27
601,0.471,0.353,0.176,16
602,0.5,0.312,0.187,14
603,0.478,0.348,0.174,22
604,0.462,0.346,0.192,24
605,0.483,0.345,0.172,27
606,0.469,0.344,0.187,29
607,0.464,0.357,0.179,25
608,0.481,0.333,0.185,24
609,0.455,0.364,0.182,28
610,0.449,0.367,0.184,41
611,0.436,0.385,0.179,66
612,0.43,0.383,0.187,89
613,0.425,0.392,0.183,100
614,0.426,0.385,0.189,103
615,0.423,0.387,0.19,119
616,0.422,0.38,0.199,143
617,0.425,0.37,0.204,159
618,0.417,0.375,0.208,170
619,0.416,0.368,0.215,188
620,0.414,0.366,0.22,205
621,0.409,0.362,0.23,213
622,0.398,0.365,0.237,221
623,0.394,0.365,0.241,230
624,0.392,0.365,0.243,238
625,0.39,0.362,0.248,237
626,0.386,0.363,0.251,236
627,0.386,0.363,0.251,238
628,0.394,0.358,0.248,240
629,0.395,0.359,0.246,234
630,0.4,0.359,0.241,228
631,0.404,0.358,0.237,223
632,0.404,0.357,0.238,218
633,0.399,0.359,0.242,205
634,0.391,0.359,0.25,203
635,0.391,0.356,0.253,218
636,0.393,0.355,0.252,220
637,0.401,0.351,0.248,211
638,0.409,0.349,0.242,204
639,0.422,0.345,0.233,195
640,0.435,0.342,0.223,181
641,0.439,0.348,0.214,177
642,0.447,0.342,0.211,181
643,0.453,0.337,0.211,184
644,0.45,0.335,0.215,202
645,0.451,0.336,0.213,234
646,0.449,0.333,0.218,283
647,0.453,0.328,0.219,271
648,0.441,0.335,0.223,193
649,0.417,0.338,0.245,142
650,0.412,0.345,0.243,183
651,0.419,0.341,0.24,186
652,0.415,0.345,0.24,177
653,0.417,0.34,0.243,148
654,0.409,0.348,0.243,116
655,0.398,0.352,0.25,108
656,0.398,0.35,0.252,102
657,0.404,0.346,0.25,103
658,0.413,0.349,0.239,109
659,0.435,0.339,0.226,114
660,0.443,0.344,0.214,130
661,0.446,0.345,0.209,136
662,0.447,0.348,0.205,128
663,0.449,0.348,0.203,133
664,0.446,0.351,0.203,143
665,0.442,0.354,0.204,140
666,0.444,0.353,0.203,143
667,0.442,0.356,0.202,156
668,0.447,0.347,0.206,164
669,0.441,0.353,0.206,164
670,0.44,0.351,0.208,161
671,0.438,0.353,0.209,148
672,0.445,0.352,0.203,121
673,0.442,0.354,0.204,106
674,0.444,0.352,0.204,102
675,0.448,0.353,0.198,111
676,0.449,0.354,0.197,121
677,0.446,0.354,0.2,126
678,0.446,0.351,0.203,144
679,0.439,0.358,0.203,148
680,0.441,0.352,0.207,145
681,0.445,0.349,0.205,146
682,0.442,0.347,0.211,147
683,0.442,0.355,0.203,138
684,0.446,0.353,0.201,138
685,0.451,0.352,0.197,139
686,0.45,0.35,0.2,136
687,0.446,0.351,0.203,145
688,0.45,0.349,0.201,146
689,0.456,0.347,0.197,144
690,0.452,0.349,0.199,144
691,0.451,0.347,0.201,141
692,0.451,0.346,0.203,148
693,0.452,0.35,0.197,150
694,0.449,0.353,0.198,158
695,0.453,0.352,0.196,167
696,0.451,0.357,0.192,168
697,0.449,0.357,0.195,169
698,0.455,0.349,0.196,172
699,0.454,0.352,0.194,178
700,0.448,0.356,0.196,176
701,0.451,0.352,0.197,176
702,0.454,0.352,0.194,179
703,0.452,0.35,0.198,180
704,0.451,0.353,0.196,171
705,0.441,0.354,0.205,155
706,0.44,0.353,0.207,113
707,0.444,0.347,0.208,70
708,0.462,0.333,0.205,36
709,0.48,0.32,0.2,24
710,0.48,0.32,0.2,24
711,0.463,0.341,0.195,39
712,0.458,0.339,0.203,58
713,0.452,0.342,0.205,71
714,0.452,0.344,0.204,92
715,0.455,0.343,0.202,98
716,0.456,0.35,0.194,102
717,0.465,0.342,0.193,112
718,0.468,0.342,0.189,110
719,0.464,0.345,0.191,108
720,0.464,0.344,0.192,123
721,0.469,0.346,0.185,127
722,0.472,0.344,0.184,123
723,0.476,0.341,0.183,124
724,0.474,0.341,0.185,133
725,0.471,0.343,0.186,139
726,0.464,0.346,0.19,152
727,0.458,0.348,0.194,153
728,0.456,0.35,0.194,160
729,0.447,0.346,0.207,189
730,0.446,0.35,0.203,180
731,0.455,0.345,0.2,168
732,0.461,0.348,0.191,144
733,0.46,0.347,0.194,129
734,0.462,0.345,0.193,123
735,0.465,0.343,0.192,102
736,0.471,0.345,0.184,91
737,0.481,0.333,0.185,84
738,0.492,0.333,0.175,65
739,0.489,0.34,0.17,48
740,0.492,0.339,0.169,61
741,0.473,0.344,0.183,95
742,0.462,0.345,0.193,121
743,0.454,0.348,0.199,142
744,0.445,0.348,0.207,164
745,0.445,0.347,0.208,173
746,0.448,0.345,0.206,165
747,0.448,0.351,0.201,152
748,0.45,0.351,0.199,148
749,0.457,0.349,0.194,126
750,0.467,0.346,0.187,105
751,0.462,0.35,0.188,114
752,0.465,0.346,0.189,123
753,0.462,0.348,0.189,127
754,0.455,0.35,0.196,138
755,0.453,0.351,0.196,142
756,0.457,0.35,0.193,137
757,0.464,0.348,0.188,132
758,0.468,0.349,0.183,122
759,0.474,0.345,0.181,111
760,0.486,0.343,0.171,103
761,0.479,0.344,0.177,94
762,0.482,0.341,0.176,83
763,0.474,0.347,0.179,93
764,0.463,0.352,0.185,106
765,0.457,0.353,0.19,113
766,0.456,0.352,0.192,122
767,0.454,0.354,0.192,127
768,0.458,0.351,0.191,126
769,0.46,0.349,0.19,120
770,0.464,0.348,0.187,107
771,0.47,0.348,0.183,108
772,0.468,0.349,0.183,102
773,0.468,0.351,0.18,104
774,0.468,0.349,0.183,119
775,0.464,0.35,0.186,133
776,0.464,0.35,0.186,132
777,0.461,0.355,0.184,143
778,0.461,0.352,0.188,156
779,0.454,0.356,0.19,154
780,0.451,0.358,0.191,152
781,0.45,0.357,0.193,161
782,0.45,0.356,0.194,168
783,0.446,0.359,0.196,170
784,0.447,0.358,0.196,164
785,0.447,0.358,0.196,164
786,0.451,0.353,0.196,168
787,0.449,0.353,0.198,170
788,0.444,0.361,0.194,164
789,0.447,0.358,0.196,164
790,0.45,0.356,0.194,166
791,0.448,0.36,0.192,158
792,0.448,0.358,0.194,151
793,0.446,0.357,0.196,155
794,0.447,0.359,0.194,158
795,0.443,0.358,0.199,162
796,0.441,0.358,0.201,168
797,0.444,0.353,0.203,175
798,0.448,0.349,0.203,182
799,0.443,0.351,0.206,185
800,0.447,0.345,0.208,187
801,0.444,0.347,0.209,187
802,0.439,0.348,0.212,188
803,0.43,0.35,0.22,191
804,0.423,0.353,0.224,188
805,0.423,0.357,0.219,182
806,0.418,0.358,0.224,183
807,0.413,0.365,0.222,171
808,0.419,0.366,0.215,153
809,0.423,0.363,0.214,149
810,0.423,0.372,0.205,137
811,0.429,0.371,0.2,122
812,0.441,0.37,0.189,113
813,0.444,0.365,0.19,113
814,0.445,0.367,0.187,115
815,0.444,0.363,0.193,122
816,0.441,0.366,0.193,132
817,0.443,0.367,0.19,143
818,0.44,0.363,0.196,152
819,0.444,0.361,0.194,163
820,0.445,0.36,0.195,181
821,0.446,0.356,0.198,202
822,0.438,0.357,0.204,214
823,0.438,0.355,0.207,231
824,0.437,0.353,0.21,251
825,0.442,0.351,0.207,265
826,0.441,0.347,0.212,271
827,0.444,0.346,0.21,271
828,0.451,0.343,0.206,265
829,0.45,0.342,0.208,253
830,0.449,0.342,0.209,230
831,0.448,0.343,0.21,208
832,0.442,0.342,0.216,189
833,0.366,0.373,0.261,129
834,0.363,0.385,0.252,116
835,0.357,0.388,0.256,108
836,0.346,0.394,0.26,107
837,0.358,0.383,0.258,101
838,0.359,0.385,0.256,99
839,0.366,0.384,0.25,95
840,0.381,0.381,0.237,82
841,0.398,0.375,0.227,75
842,0.409,0.375,0.216,75
843,0.423,0.371,0.206,84
844,0.426,0.361,0.213,107
845,0.418,0.366,0.216,135
846,0.41,0.366,0.224,166
847,0.407,0.364,0.23,189
848,0.405,0.364,0.232,199
849,0.407,0.363,0.23,207
850,0.415,0.359,0.226,215
851,0.422,0.353,0.224,216
852,0.428,0.351,0.221,205
853,0.432,0.35,0.218,192
854,0.431,0.35,0.218,184
855,0.431,0.349,0.221,182
856,0.425,0.35,0.225,185
857,0.429,0.348,0.224,196
858,0.432,0.344,0.225,212
859,0.438,0.339,0.223,237
860,0.439,0.336,0.225,275
861,0.441,0.334,0.225,316
862,0.439,0.335,0.225,343
863,0.439,0.333,0.228,303
864,0.436,0.332,0.232,287
865,0.437,0.334,0.229,291
866,0.432,0.336,0.232,277
867,0.435,0.338,0.227,273
868,0.433,0.34,0.227,291
869,0.434,0.343,0.222,286
870,0.43,0.349,0.222,271
871,0.433,0.349,0.218,281
872,0.435,0.35,0.214,278
873,0.44,0.348,0.212,280
874,0.443,0.35,0.207,269
875,0.443,0.348,0.208,254
876,0.441,0.352,0.206,238
877,0.443,0.352,0.204,219
878,0.445,0.35,0.205,209
879,0.443,0.354,0.203,202
880,0.438,0.355,0.207,194
881,0.448,0.349,0.203,184
882,0.448,0.345,0.206,187
883,0.448,0.35,0.202,176
884,0.444,0.352,0.204,155
885,0.444,0.354,0.201,136
886,0.441,0.359,0.2,138
887,0.447,0.354,0.199,152
888,0.443,0.356,0.201,184
889,0.447,0.35,0.203,207
890,0.449,0.35,0.201,221
891,0.449,0.352,0.199,223
892,0.454,0.349,0.197,224
893,0.454,0.35,0.196,226
894,0.455,0.347,0.198,227
895,0.453,0.35,0.197,221
896,0.457,0.348,0.196,216
897,0.457,0.346,0.197,217
898,0.458,0.348,0.194,210
899,0.457,0.352,0.192,200
900,0.457,0.352,0.192,200
901,0.457,0.348,0.195,201
902,0.452,0.352,0.195,192
903,0.452,0.355,0.193,181
904,0.448,0.354,0.198,175
905,0.445,0.357,0.198,166
906,0.452,0.357,0.19,153
907,0.451,0.358,0.191,147
908,0.452,0.357,0.191,143
909,0.45,0.358,0.192,137
910,0.445,0.356,0.199,132
911,0.434,0.36,0.206,125
912,0.445,0.358,0.197,126
913,0.455,0.364,0.182,112
914,0.456,0.36,0.184,117
915,0.455,0.358,0.187,115
916,0.451,0.354,0.195,106
917,0.451,0.353,0.196,94
918,0.461,0.355,0.184,70
919,0.46,0.349,0.19,57
920,0.468,0.355,0.177,59
921,0.457,0.357,0.186,66
922,0.471,0.353,0.176,81
923,0.467,0.355,0.178,102
924,0.466,0.356,0.178,111
925,0.461,0.359,0.18,118
926,0.46,0.358,0.182,127
927,0.46,0.36,0.18,129
928,0.46,0.36,0.18,126
929,0.458,0.359,0.183,129
930,0.459,0.356,0.185,133
931,0.456,0.361,0.184,134
932,0.458,0.361,0.181,130
933,0.455,0.359,0.186,132
934,0.456,0.361,0.184,135
935,0.458,0.361,0.181,131
936,0.461,0.362,0.177,127
937,0.465,0.359,0.176,129
938,0.46,0.36,0.18,128
939,0.466,0.359,0.176,120
940,0.468,0.357,0.175,116
941,0.468,0.355,0.177,114
942,0.462,0.361,0.176,111
943,0.47,0.357,0.174,107
944,0.467,0.358,0.175,110
945,0.46,0.363,0.177,115
946,0.464,0.36,0.176,115
947,0.458,0.364,0.178,109
948,0.463,0.361,0.176,100
949,0.469,0.357,0.173,91
950,0.468,0.354,0.177,73
951,0.472,0.358,0.17,50
952,0.471,0.353,0.176,31
953,0.467,0.367,0.167,27
954,0.483,0.345,0.172,26
955,0.484,0.355,0.161,28
956,0.471,0.353,0.176,64
957,0.474,0.347,0.179,89
958,0.465,0.36,0.175,107
959,0.461,0.359,0.18,119
960,0.459,0.363,0.178,136
961,0.457,0.364,0.179,151
962,0.456,0.367,0.178,155
963,0.454,0.368,0.178,158
964,0.464,0.358,0.179,162
965,0.464,0.359,0.177,163
966,0.463,0.36,0.177,156
967,0.463,0.36,0.177,156
968,0.472,0.354,0.174,160
969,0.469,0.352,0.179,160
970,0.463,0.36,0.177,157
971,0.469,0.358,0.173,162
972,0.468,0.356,0.176,171
973,0.459,0.359,0.182,170
974,0.452,0.361,0.187,159
975,0.445,0.366,0.189,158
976,0.447,0.359,0.194,163
977,0.448,0.36,0.192,164
978,0.449,0.364,0.187,166
979,0.456,0.357,0.187,171
980,0.456,0.356,0.189,169
981,0.45,0.363,0.187,160
982,0.449,0.365,0.186,158
983,0.453,0.359,0.188,160
984,0.455,0.358,0.187,167
985,0.451,0.357,0.192,172
986,0.453,0.358,0.189,181
987,0.458,0.353,0.189,190
988,0.459,0.351,0.19,195
989,0.452,0.355,0.193,188
990,0.456,0.352,0.192,186
991,0.456,0.347,0.197,187
992,0.453,0.353,0.195,183
993,0.452,0.355,0.194,180
994,0.45,0.356,0.194,181
995,0.459,0.351,0.191,183
996,0.451,0.358,0.192,180
997,0.45,0.36,0.19,176
998,0.455,0.356,0.188,177
999,0.458,0.353,0.189,176
1000,0.458,0.358,0.184,166
1001,0.458,0.361,0.181,153
1002,0.462,0.354,0.184,146
1003,0.46,0.36,0.18,137
1004,0.46,0.36,0.18,126
1005,0.451,0.361,0.187,130
1006,0.449,0.361,0.19,145
1007,0.447,0.359,0.194,157
1008,0.446,0.357,0.196,155
1009,0.455,0.353,0.192,161
1010,0.468,0.345,0.187,165
1011,0.463,0.354,0.183,157
1012,0.468,0.351,0.182,147
1013,0.456,0.356,0.188,143
1014,0.458,0.354,0.187,140
1015,0.456,0.353,0.191,131
1016,0.456,0.352,0.192,121
1017,0.458,0.35,0.192,117
1018,0.463,0.347,0.19,120
1019,0.462,0.345,0.193,118
1020,0.462,0.35,0.188,116
1021,0.462,0.345,0.193,119
1022,0.467,0.344,0.189,122
1023,0.475,0.344,0.18,122
